user4_EDA_relax1,user4_EDA_relax2,user6_EDA_relax1,user6_EDA_relax2,user7_EDA_relax1,user7_EDA_relax2,user8_EDA_relax1,user8_EDA_relax2,user10_EDA_relax1,user10_EDA_relax2,user13_EDA_relax1,user13_EDA_relax2,user14_EDA_relax1,user14_EDA_relax2,user15_EDA_relax1,user15_EDA_relax2,user16_EDA_relax1,user16_EDA_relax2,user18_EDA_relax1,user18_EDA_relax2,user22_EDA_relax1,user22_EDA_relax2,user23_EDA_relax1,user23_EDA_relax2,user24_EDA_relax1,user24_EDA_relax2,user25_EDA_relax1,user25_EDA_relax2,user26_EDA_relax1,user26_EDA_relax2,user27_EDA_relax1,user27_EDA_relax2,user28_EDA_relax1,user28_EDA_relax2,user29_EDA_relax1,user29_EDA_relax2,user30_EDA_relax1,user30_EDA_relax2,user33_EDA_relax1,user33_EDA_relax2,user34_EDA_relax1,user34_EDA_relax2,user35_EDA_relax1,user35_EDA_relax2
0.23575129600000003,3.40414508,0.039167688000000006,4.7001224,3.156120264,0.8192225440000002,3.610582008,6.4444444480000005,1.024503008,1.6828478960000002,0.515852944,3.247617192,4.0830008,5.423782920000001,2.301999152,3.6741812000000005,0.645696168,5.888319920000001,2.9618902400000002,2.1951219520000005,2.9301651680000003,3.199072736,4.714559056,5.229431208000001,0.395542192,6.148947464,7.976406976,5.3919882,5.681718544000001,6.576063128,1.67655572,3.480463096,0.570251336,1.183353936,2.474020416,3.2384590080000004,0.55883732,4.516955776,2.6040450640000006,4.057010992000001,0.518948992,4.588486568,1.674292888,3.5756347120000003
0.15544041600000003,3.696891192,0.039167688000000006,4.651162792,3.0423952720000003,0.812177632,3.4793650800000004,6.491005288,0.9468331040000001,2.503929728,0.6068858160000001,3.211826496,3.9904229840000003,5.350359136000001,2.1794980880000003,3.671629096,0.591075344,6.07900512,1.8821138240000002,2.095528456,3.4749348000000007,3.1561866160000003,4.64637328,5.172377808,0.38422076800000005,6.04563948,7.962644384,5.84320472,5.622095576,6.572555896000001,1.677279304,2.99710564,0.570251336,1.150391432,2.52933816,3.2084293680000004,0.4763244240000001,4.9070167200000006,2.6952626560000006,4.04615176,0.442258976,4.515571448,1.4804517840000002,3.998069312
0.067357512,3.7979274640000003,0.01958384,4.598939208,3.013209208,0.80513272,3.4433862400000006,6.186243384000001,0.8556017840000001,2.482971184,0.656681576,3.711340208,4.268156424,5.276935352000001,2.0689068480000006,3.5338154000000004,0.46427700800000005,5.933187024,2.088414632,2.055894312,3.6389452320000006,3.145754856,4.926074096000001,5.143155328000001,0.400495312,6.170882720000001,7.978373064,5.784222168,5.537921968,6.607628232,1.5824891440000002,2.672214184,0.570251336,1.100947672,2.5045768880000003,3.29799144,0.347554304,4.818252856000001,2.5714673520000004,3.897380208,0.358217848,4.375701584,1.33835312,4.182643112
0.238341968,3.61139896,0.013055896,4.546715624,3.0182412880000005,0.803119888,3.3481481520000003,5.997883600000001,0.780397592,2.1741408560000006,0.633339816,3.8716203040000003,4.830007984,5.200319232,2.221182472,3.4402382000000005,0.6154596400000001,6.514508656000001,2.218495936,2.029471544,4.69255288,3.1364821760000003,5.318490176000001,5.294833888,0.389173888,6.228197416,7.978373064,5.623003192,5.478298992,6.555019728000001,1.5882778560000002,2.606367584,0.517511328,1.07787392,2.406585448,3.3064208080000004,0.296296296,4.77387092,2.484593456,3.786615992,0.339740728,4.186559384,1.256491936,3.8660102320000003
0.5492228,3.38601036,0.013055896,4.491228072,3.011196376,0.8041263040000001,3.769312168,5.847619048,0.7397133600000001,1.870241944,1.207547168,3.8871814800000006,4.7533918559999995,5.120510776,2.5231816240000002,3.397703104,0.889539136,6.475493784,2.4725609760000005,3.0625,5.542741232000001,3.117936832,5.094451208,5.669159856,0.37714488,5.99469308,7.978373064,5.528631112,5.422183256,6.498903992,1.5448625200000001,2.567293776,0.599917592,1.0482076640000002,2.52933816,3.2263417840000006,0.335052352,4.898265352,2.414008416,3.689968776,0.237421152,4.0065564,1.163818904,3.5926247680000003
0.9922279760000001,3.2590673600000004,0.013055896,4.393308856,2.987042392,0.8041263040000001,3.873015872,5.847619048,1.024503008,1.6828478960000002,1.350709976,4.564092592000001,4.5075818,5.066241024,2.3428328400000002,3.4929817120000006,1.130455984,6.576932456000001,2.316056912,2.807926832,5.954216168000001,3.0796870480000003,4.873195336000001,6.4164202480000005,0.36723863200000006,5.897753408,7.978373064,5.497173752000001,5.338009648,6.463831656,1.4848046320000001,3.4453690320000003,0.7317676160000001,1.018541408,2.567270336,3.2511030640000005,0.6363494320000002,4.406313488000001,2.3607981520000005,3.6085245040000005,0.164903392,3.6072120400000003,1.11439328,3.4435756320000004
1.03108808,3.4870466320000006,0.062015504,4.3639330880000005,2.9638948320000003,0.8041263040000001,3.6338624320000004,5.775661376000001,1.055324392,1.539836648,1.132853528,4.873759968000001,4.373503592,5.066241024,2.150574224,3.671629096,1.265057304,6.1282614,2.01422764,2.332317072,6.288032456,3.03448276,4.487737,5.889024176,0.389173888,5.88784716,7.974440896000001,5.448021624,5.281893904,6.411223144000001,1.448625184,3.7445730800000003,0.810877624,0.972393904,2.4993085280000003,3.4086269360000006,0.8488826400000001,3.9462416,2.311931584,3.5303379920000006,0.100531464,3.6290667040000004,1.2437494,3.418862824
0.761658032,3.7616580320000006,0.14687882399999994,4.311709504,2.9316895200000004,0.8041263040000001,3.71851852,5.623280424000001,0.9456002480000001,1.4412082000000002,1.008364128,4.774168448,4.290502792,5.0470869920000005,2.0569970240000006,3.5355168,1.030968056,6.184832968000001,1.9898374,2.11077236,6.204578384000001,2.986960304,4.271351536,5.286484608000001,0.383513176,5.830532464000001,7.962644384,5.412632096,5.201227528,6.355107408000001,1.416063672,4.3596237360000005,0.866913888,0.946023896,2.4529469840000004,3.352255512,0.8926394719999999,3.7955930640000006,2.29238496,4.501153792,0.03337804,3.4025728880000004,1.542233808,3.418862824
0.5492228,3.702072536,0.195838432,4.308445536,2.90652912,0.80513272,3.6317460320000006,5.487830688,0.817383264,1.57065804,1.031705896,4.649679048,4.188347968000001,5.015163608000001,1.9889408800000004,3.42492556,0.778346744,5.817117776,2.521341464,1.9359756080000001,6.045783832,3.0425963520000003,4.36945556,5.052704816000001,0.37219176,5.802228904,7.946915704,5.369378224000001,5.120561160000001,6.320035072,1.479739504,4.133140376,0.8372476320000001,0.942727648,2.435561408,3.3064208080000004,0.9276449440000001,3.824347552,2.3173612080000003,4.87796932,0.015099584,3.2845576880000005,1.125977408,3.3207838560000003
0.401554408,3.7564766800000005,0.195838432,4.497756016,2.905522704,0.8041263040000001,3.4666666640000003,5.365079368,0.858067496,1.68777932,0.905660376,4.473837776,4.092577816000001,4.960893856,1.932794552,3.3373032720000007,0.820287736,6.073152888,2.167682928,1.8018292720000002,5.815126048,3.255867864,4.326317624,4.89546008,0.37148416800000006,5.817795864000001,7.946915704,5.3536495440000005,5.05392372,6.29548444,1.6020260480000001,3.9283646880000003,0.8372476320000001,0.969097648,2.393941392,3.2848205440000005,0.918893576,3.5874355360000005,2.283697568,4.5283018880000006,0.435901256,3.5873441600000002,0.734433824,3.2381504000000003
0.26165803199999993,3.8238342000000003,0.195838432,4.523867808,2.898477792,0.79506856,3.4095238080000003,5.4010582000000005,0.8395746640000001,1.590383728,0.79361992,4.3337872,4.03511572,4.90981644,1.8664398160000002,3.2479795840000003,0.6466715440000002,6.012192152000001,2.011178864,1.703252032,6.140828744,3.18400464,4.366672464,4.839798224,0.366531048,5.892092695999999,7.944949616,5.351683464000001,4.980271808000001,6.298991672,1.518813312,4.156295224,0.8372476320000001,0.969097648,2.607309848,3.2384590080000004,0.900140648,3.4905454000000002,2.283697568,4.319804536,0.555505888,3.3646252400000005,0.548701616,3.2454870160000002
0.15544041600000003,3.7823834160000005,0.195838432,4.4406364720000004,2.8582211600000003,0.7870172320000001,3.5968254,5.420105824,0.7495762080000001,1.4905224240000001,0.6955845200000002,4.249756856,3.9648842800000006,4.890662408000001,1.810293496,3.193534664,0.44086808,5.495245064,1.744918696,1.613821136,6.683280208000001,3.043755432000001,4.35693164,5.201600280000001,0.360870336,6.336812312,7.915458344,5.335954784000001,4.9171416080000006,6.407715912,1.43704776,3.8863965280000006,0.8372476320000001,0.969097648,2.7780046080000003,3.2998353600000003,0.990154712,3.3817784000000004,2.369485544,4.18732184,0.43987483200000005,2.9996523120000003,0.46799884,3.472922096
0.051813471999999916,3.7176165840000004,0.199102408,4.523867808,2.900490624,0.772927416,3.966137568,5.267724864000001,0.678070584,1.4510710400000002,0.6208908800000001,4.18751216,3.88826816,4.913008776,1.757549976,3.1663122080000003,0.412582296,5.188002928,1.418699184,1.5325203280000002,6.689655176,2.9301651680000003,4.324230304,5.318490176000001,0.3559172159999999,6.030072528,7.903661832000001,5.308429592,4.836475232,6.411223144000001,1.390738064,3.674023152,0.866913888,0.949320152,2.6779058320000004,3.343299312,1.100171904,3.331770592,2.335821912,4.310031224,0.35921124800000004,2.829980632,0.330533832,3.2775364400000004
0.012953367999999922,3.80569948,0.195838432,4.651162792,3.148068936,0.7638696720000001,3.767195768,5.130158728,0.5819078480000001,1.449838184,0.580431824,4.255203264000001,3.8371907440000004,4.890662408000001,1.715014888,3.110165888,0.9587905360000001,4.991953184,1.13922764,1.4573170720000002,6.431758912000001,2.82005216,4.35693164,5.635762744000001,0.365115864,5.727932072000001,7.884000984,5.288768736000001,4.745287152,6.463831656,1.3748191040000002,3.514471784,0.942727648,0.942727648,2.5809680640000003,3.289035232,1.193311456,3.270511016,2.283697568,4.333921544,0.276560872,2.707991856,0.2610290559999999,3.121536824
0.05958549600000001,3.7746114,0.195838432,4.625051,3.277896592,0.755818344,3.873015872,4.9968254,0.5584835840000001,1.4029896720000001,0.533748296,4.346236144,3.789305664,4.858739024000001,1.6605699680000001,3.249680984,1.015362104,5.1411850800000005,1.5101626000000001,1.39329268,6.10663576,2.726166328,4.18994608,5.356757696,0.37219176,5.630284808,7.864340136,5.273040056,4.685664184,6.635686104,1.78147612,3.396164976,0.919653896,0.919653896,2.6468225200000006,3.276391176,1.061415848,3.19924988,2.22179992,4.185149992,0.20543386400000002,2.581234792,0.163722368,3.058210248
0.427461136,3.6761658000000006,0.195838432,4.546715624,3.257768272,0.739715688,3.6190476160000005,4.876190480000001,0.607797808,1.4442903360000001,0.482396424,5.038708424,3.754189944,4.810853952000001,1.6061250560000002,3.32964696,1.431845888,5.368446720000001,1.7042682960000002,1.328252032,5.702694872000001,2.698348304,4.135675768,4.94833884,0.354502032,5.598443304,7.817154088,5.271073976,4.604997808,6.540990792,1.944283648,3.3111432720000007,0.9163576400000001,0.919653896,2.634178464,3.522423448,0.846382248,3.160493824,2.178362968,4.073299848,0.13490289600000002,2.4791138960000003,0.17453422399999993,3.004150976
0.945595856,3.7564766800000005,0.195838432,4.471644224000001,3.116870048,0.7306579440000001,3.428571432,4.736507936000001,0.9844352000000001,1.4412082000000002,0.42015172,5.013810544000001,3.754189944,4.807661616000001,1.549978736,3.2207571280000007,1.007559128,5.000731528,1.63922764,1.2647357760000002,5.615763544,2.997392064,4.23447556,4.805705344,0.338227488,5.591367416000001,7.787662816,5.241582696000001,4.573432704,6.439281016,1.978292328,3.248914616,0.893283888,0.919653896,2.588870592,3.6288442560000003,0.766369744,3.1404907040000003,2.143613408,3.9581919360000004,0.06596135999999993,2.3821586480000003,0.114296744,2.8952601600000003
0.906735752,3.8134715040000007,0.195838432,4.393308856,3.156120264,0.71656812,3.3269841280000003,4.622222224,1.113268608,1.394359688,0.34701420000000005,4.701030928000001,3.779728648,4.778930568,1.4683113600000002,3.149298168,1.2450621760000002,4.882711536000001,1.146341464,1.343495936,5.599536368,3.0425963520000003,4.021568968,4.660288744000001,0.32690606400000005,5.563063856,7.754239368,5.2120914240000005,4.5208242,6.379658048,1.801013024,3.62083936,0.8636176320000001,0.8899876400000001,2.5999341440000006,3.61145868,0.757618376,3.1292389440000004,2.100176464,3.8637165760000003,0.027815032000000003,2.296329408,0.10348489599999999,2.431894968
0.74093264,3.795336784,0.195838432,4.341085272,3.1410240320000002,0.7085167920000001,3.274074072,4.565079368,1.013407304,1.3844968400000002,0.284769504,4.5251896480000005,3.747805264,4.727853152000001,1.401956616,3.055720968,1.2904169680000002,4.631065592,1.930894312,1.326219512,5.414082872000001,2.8768472880000004,4.034092888,4.714559056,0.320537768,5.5467893120000005,7.724748096000001,5.1924305760000005,4.440157824,6.351600176,1.612156296,3.5101302480000003,0.919653896,0.866913888,2.550411592,3.5769509360000002,0.850757928,3.228004376,2.055653592,3.7779286,0.2892763119999999,2.220036752,0.058692928000000005,2.734626896
1.48445596,3.6761658000000006,0.16972664,4.308445536,3.109825136,0.699459048,3.2084656080000005,4.569312168,0.829711824,1.421482512,0.259871624,4.399144136,3.696727856,4.657621704,1.3747341520000003,3.01488728,1.2328700320000001,4.455986344,2.152439024,1.2296748,5.656331496,2.7053028080000003,4.201078448,4.561488952,0.309216344,5.528392008000001,7.681494224,5.162939296000001,4.377027616,6.351600176,1.575976848,3.306078144,0.942727648,0.8899876400000001,2.4982548560000004,3.5092525520000004,0.7863728720000001,3.19924988,1.9970137120000002,3.6812813920000007,0.34252222400000004,2.23235484,0.267979536,2.7052804320000003
2.0362694320000005,3.5725388640000006,0.16972664,4.262749896,3.0756069920000004,0.6914077280000002,3.1407407440000004,4.47830688,0.716289104,1.444906768,0.283213384,4.313557672000001,3.6488427760000004,4.581005584,1.5789025920000002,2.95874096,1.4016093600000001,4.507681056,1.7850609760000002,1.156504064,6.057374672000001,2.6056215600000003,4.301269784,4.379196384,0.319830176,5.517070584,7.648070776000001,5.135414104,4.292854008,6.7759754480000005,1.611432704,3.306801736,0.969097648,1.183353936,2.451893312,3.4671056960000004,0.488826376,3.2530082800000004,1.962264152,3.592235648,0.516167488,2.1942085120000003,0.25716768,2.649676608
1.883419688,3.4922279760000006,0.166462672,4.226846184,3.0595043440000005,0.682349984,3.257142856,4.347089944,0.5991678240000001,1.383263984,0.30811126399999994,4.265318032,3.6009577040000007,4.504389464,1.5789025920000002,2.875372184,1.242623752,4.810534016,1.450203256,1.0823170720000002,5.694581280000001,2.6519849280000005,3.981909896,4.324926072,0.354502032,5.448434456000001,7.659867288,5.115753256,4.215694872,6.754932048,1.518813312,3.4095513760000005,1.025133912,1.608570248,2.4007902560000005,3.4360223920000004,0.495077352,3.3092670720000004,1.928600512,3.49667436,0.540803656,2.114737,0.23091032,2.604112368
1.406735752,3.4196891200000006,0.166462672,4.1746226,3.036356776,0.67329224,3.2063492080000007,4.24338624,0.538757896,1.321621208,0.530636064,4.283213384,3.572226656,4.577813248,1.7303275200000003,2.820927264,1.1021702,4.491587416000001,1.2693089440000003,1.049796744,5.222254416,2.7099391520000005,3.8914593840000005,4.270655768,0.3438881999999999,5.431452328000001,7.649053824000001,5.094126320000001,4.128014032,6.548005264,1.4269175120000002,3.3531114320000004,1.176761432,1.745364648,2.3675996080000004,3.4634178480000006,0.42506641600000006,3.418034064,1.880819872,3.4532374080000006,0.525704064,2.0380469840000006,0.194613376,2.573221352
1.238341968,3.3419689120000005,0.143614848,4.109343128,3.013209208,0.659202416,3.0560846560000003,4.264550264,0.489443672,1.293265528,0.796732152,4.640342344,3.706304872,4.609736632,2.975755,2.7817949840000002,1.470860768,4.411606928,1.123983736,1.2703252000000003,4.80440452,2.6995073920000006,4.672812664,4.269264216,0.32690606400000005,5.4137626,7.602850824,5.046940280000001,4.019289784000001,6.435773784,1.386396528,3.3950795920000005,1.176761432,1.796456528,2.5082647360000005,3.4713203840000006,0.285044536,3.3280200000000004,1.874304328,3.486901048,0.527889536,1.9391049520000003,0.57380056,2.661260736
1.8419689120000002,3.2979274640000003,0.14035088,4.053855568,2.9880488080000003,0.6491382560000001,3.013756616,4.332275136,0.4512251520000001,1.6002465680000002,0.9103287280000001,4.537638592,3.9361532320000006,4.526735832,3.70225436,2.7273500640000004,1.37527432,4.54620824,0.9756097600000001,1.588414632,4.920312952,2.631121416,4.404244216000001,4.29152896,0.314169464,5.37343004,7.551732616,5.019415088,3.931608944,6.407715912,1.3683068,3.3596237360000005,1.262463944,1.8195302880000002,2.5662166640000006,3.407573264,0.3850601679999999,3.2292545680000004,2.668114568,3.420659696,0.455769136,2.172155168,0.654889472,2.598320304
2.25647668,3.277202072,0.11097511200000001,4.001631984,2.961882,0.634042016,3.4666666640000003,4.347089944,0.380952384,1.8579133920000002,0.854308504,4.374246256,3.984038312,4.482043096000001,3.5372182080000005,2.672905144,1.6113143120000002,4.76664228,0.918699184,1.490853656,5.057084904,2.567371776,3.8977213440000003,4.201078448,0.299310104,5.350787192,7.5025804879999995,4.987957728,3.861464272,7.060061376,1.356005792,3.358538352,1.3943139680000003,1.849196536,2.52933816,3.353309184,0.406313488,3.160493824,2.878783768,3.42717524,0.49908111200000005,2.4246759040000003,0.816295008,2.4743701120000003
2.4222797920000003,3.2590673600000004,0.09139127199999993,3.946144432,2.9377280160000003,0.624984272,3.9195767200000002,4.332275136,0.507936504,2.1044845120000004,0.8091810960000001,4.2622058,3.6807661600000006,5.142857144000001,3.01488728,2.6473840880000004,1.4230675440000002,4.504754936,0.8526422800000001,1.384146344,5.019994208,2.501303968,3.58601496,4.1245434,0.287281088,5.436405448000001,7.455394448,4.952568200000001,3.7843051280000006,7.263480928,1.3285094080000002,3.31837916,1.470127728,1.9447878,2.4144879840000004,3.343826144,2.174089704,3.111736208,3.2523415200000003,3.3576761200000003,0.455371776,3.17528436,0.878849312,2.412588088
2.25906736,3.569948184,0.09139127199999993,3.893920848,2.907535536,0.610894456,3.788359792,4.317460320000001,0.7187548160000001,2.355987056,0.77027816,4.196848864,3.984038312,5.401436552,2.684814976,2.86346236,1.3050475520000002,4.441843456,1.3099593520000001,2.342479672,4.777745584000001,2.465372352,3.5108714560000003,4.080013912,0.27454448800000003,5.412347424,7.392479728000001,4.909314328000001,3.7597544960000002,6.919772032000001,1.356005792,3.259768448,1.470127728,1.977750312,2.377082648,3.30273296,0.658852944,3.079231128,3.148092848,3.2523415200000003,0.414046592,2.996870808,1.027126168,2.370112944
2.0077720240000003,4.134715024000001,0.09139127199999993,3.841697264,2.882375144,0.600830296,3.498412696,4.091005288,0.6805362960000001,2.188318696,0.6955845200000002,4.751604744,4.11173184,5.321628096000001,2.5231816240000002,3.3330497680000004,1.21726408,4.553035848,1.310975608,2.174796744,4.498406256,2.4560996800000003,3.4941728960000003,4.077230824,0.25756236000000005,5.312577392000001,7.3747849599999995,4.87589088,3.731696624,6.69180184,1.7344428400000003,3.2431259040000002,1.4964977360000002,2.000824064,2.360223904,3.257951928,2.264103768,3.0392248800000004,2.988462064,3.157866160000001,0.414046592,2.9555456240000004,0.816295008,2.307558648
1.96891192,4.116580312,0.09139127199999993,3.7600979200000006,2.857214744,0.586740472,3.329100528,3.938624336,0.837108952,1.926953304,0.6193347600000001,4.865979384,4.1660016,5.085395048,2.4398128480000003,3.411314336,1.076810536,4.340404776,1.3760162640000002,1.6971544720000002,4.2364532,2.6125760640000006,3.7543920720000004,4.066098448000001,0.24836370400000002,5.260215816,7.518309168000001,4.846399608,3.6475230160000005,6.548005264,1.6244573119999999,3.666425472,1.499793984,1.977750312,2.325979584,3.222653936,2.262853568,3.007969992,2.913533328,3.120944752,0.378284408,2.706005064,0.746790232,2.300608168
2.525906736,4.137305696,0.09139127199999993,3.70461036,2.8260158480000004,0.576676312,3.1915343920000003,4.326984128,0.9369702560000001,1.8357219920000003,0.558646176,4.638786232,4.651237032,4.90981644,2.358145472,3.4402382000000005,1.202633504,4.204828088,1.613821136,1.424796744,4.061431472000001,2.6137351520000003,3.5623586720000002,4.390328752000001,0.24199540000000003,5.209977000000001,7.583189976,4.801179648000001,3.563349408,7.193336256000001,1.4898697520000002,3.6465267760000004,1.5228677360000002,1.9975278160000003,2.355482384,3.195785312,1.8340365680000001,2.959212376,2.87769784,3.2512556,0.298415536,2.5271941600000005,0.746790232,2.4187662880000005
2.6088082880000005,4.360103624,0.09139127199999993,3.6523867840000004,2.7938105440000003,0.562586488,3.4433862400000006,4.554497352,0.819848976,1.7087378640000002,0.535304416,4.484730600000001,5.126895448,4.810853952000001,2.2628668640000003,3.3823904720000004,1.1246037520000003,4.16435016,1.474593496,1.263211384,4.034772528,2.558099104,3.485823624,4.381979472,0.22996639200000002,5.219883248000001,7.5989186559999995,4.76579012,3.5072336720000004,7.705392368,1.4493487680000001,3.90520984,1.575607744,2.0304903199999997,2.363911752,3.1752387200000003,1.9171745600000003,2.92045632,2.8060268800000006,3.690511744,0.23444096800000003,2.4103710320000005,0.8232454880000001,2.3102616080000002
2.4196891200000006,4.235751296,0.09139127199999993,3.62953896,2.7535539040000003,0.5525223280000001,3.612698416,4.484656088,0.678070584,1.581753736,0.869869672,4.363353432,5.0630486800000005,4.727853152000001,2.184602296,3.2182050160000006,1.350890024,4.269202632,1.8323170720000002,1.188008128,3.9281367680000003,2.663575776,3.6708992880000006,4.1440250480000005,0.218644968,5.588183264000001,7.557630864,4.71860408,3.41253836,7.601928976000001,1.3986975360000002,4.074529664,1.631644008,2.472187888,2.5930852800000004,3.267961808,2.205344584,2.9079543680000004,2.761504008,4.299171984,0.18993692,2.36984056,0.7854040000000001,2.214113328
2.3199481840000002,3.9481865280000004,0.09139127199999993,3.583843328,2.722355016,0.530381184,3.972486776,4.3978836,0.6102635200000001,1.532439512,1.008364128,4.324450496,4.810853952000001,4.654429368000001,2.1012335200000005,3.0846448320000004,1.26310656,4.488661304,1.52439024,1.12296748,3.717183424,2.74471168,3.83092712,3.9881718560000006,0.20873871999999993,5.601981248000001,7.5025804879999995,4.65765544,3.19158264,7.288031568,1.4507959440000002,3.9793777120000002,1.658014008,2.689740424,2.6568324000000003,3.2547909120000003,2.202219096,2.899203,2.73652776,4.144970816,0.173247904,2.8399145680000006,0.735206104,2.25851916
2.227979272,3.735751296,0.09139127199999993,3.528355776,2.6891432880000004,0.520317024,3.739682536,4.330158728,0.609030664,1.5521652000000001,1.045710952,4.374246256,4.654429368000001,4.625698328,2.0144619280000002,3.001276056,1.1021702,4.284808584,1.10670732,1.083333336,3.450594032,2.818893072,3.734214648,3.886588968,0.200247656,5.568724568,7.45342836,4.6104694,3.0512932960000003,7.13722052,1.5832127360000001,3.806078144,1.6547177600000003,2.739184176,2.5677971680000002,3.196838984,1.94405376,2.8179403040000004,2.668114568,3.9788244880000003,0.381065912,2.6519644400000004,0.722849696,2.799498024
2.5051813440000004,3.7150259040000004,0.09139127199999993,3.4728682160000006,2.6629764720000004,0.505220784,3.4793650800000004,4.175661376,0.5301279120000001,1.5805208800000001,0.949231664,4.673020816,4.727853152000001,4.679968080000001,2.0689068480000006,3.1067630800000003,1.1246037520000003,4.043891736,0.8546748,1.325711384,3.2025499840000005,2.87452912,3.5115672320000004,3.7989215520000004,0.200955248,5.4144701920000005,7.392479728000001,4.565249448,2.9951775520000004,7.060061376,1.5824891440000002,3.603473224,1.6283477520000003,2.7424804320000002,2.482449784,3.145209088,1.895296144,2.8679481200000003,2.6159902240000004,3.934301616,0.585705064,2.4467292480000005,1.0526112560000003,2.6728448720000006
2.5077720240000003,3.8005181360000004,0.08812729600000001,3.4173806640000004,2.6498930720000002,0.49616304,3.4306878320000003,4.315343912,0.506703656,1.559562336,1.374051744,4.649679048,4.651237032,4.664006384,2.414291792,3.6154827760000003,0.967568888,3.876127776,0.7144308960000001,2.398373984,3.258186032,2.9336424240000003,4.078622368,3.801704648,0.200955248,5.305501504,7.3747849599999995,4.51609732,2.974134152,7.000438408,1.4804630960000003,3.5376266320000003,1.631644008,2.7721466800000005,2.6331247920000003,3.11201844,1.9428035600000002,3.0117205840000003,2.5649518160000007,3.8908646640000004,0.561068888,2.33089952,1.62950092,2.5917559600000004
2.424870464,3.7202072560000006,0.06527948,3.3423092640000003,2.703233112,0.4810668,3.2952380960000003,4.4,0.5510864560000001,1.4905224240000001,1.43474032,4.475393896,4.5075818,4.603351952,2.330923008,3.8519778800000006,0.771519144,3.76005852,0.590447152,2.4136178880000005,3.275572296,3.128368592,4.253957208,3.7641328960000004,0.189633824,5.250309568,7.345293680000001,4.46891128,2.9215256480000003,6.947829896000001,1.502170768,3.4392185200000003,1.658014008,2.82159044,2.812248928,3.0825156400000004,2.376621344,3.010470384,2.519343016,3.8115922320000006,0.503054688,2.2393086000000006,1.6179167840000002,2.604112368
2.383419688,3.655440416,0.08812729600000001,3.2705018320000003,2.6800855440000007,0.466976976,3.189417992,4.416931216000001,0.507936504,1.452303896,1.50943396,4.347792256000001,4.913008776,4.501197128,2.219481072,3.7532964720000006,0.967568888,3.6742258000000003,0.535569104,1.842479672,2.9881193840000004,3.15386844,3.8977213440000003,3.697338664,0.17901999199999993,5.219175656000001,7.298107640000001,4.419759152,2.8619026720000003,7.5931608960000005,1.6693198240000002,3.354558608,1.631644008,2.8248866880000003,3.074086272,3.0572275280000003,2.789185808,2.9492108160000003,2.472648296,4.108049408,0.433119752,2.164804056,1.9152427840000001,2.388647552
3.1139896400000002,3.6735751280000004,0.09139127199999993,3.2117503040000006,2.621713424,0.45590640000000004,3.0772486800000003,4.783068784,0.479580832,1.432578208,1.4113985600000003,4.301108736,5.120510776,4.446927376,2.43811144,3.5848575040000004,1.067056816,3.734698856,0.6676829280000001,1.50813008,2.7458707600000003,3.17357288,3.620803616,3.6862062960000004,0.1783124,5.21280736,7.252887688,4.370607032,2.8268303360000004,7.849188952,1.76555716,3.1143270640000003,1.658014008,2.877626696,3.171550872,3.044056632,2.7710579760000003,2.9279574960000003,2.418895072,4.318718608,0.37788704800000006,2.092484976,1.65575828,2.188628248
4.011658032,3.769430048,0.097919216,3.110567112,2.9815071040000003,0.44181658400000007,2.9862433840000002,5.096296296,0.5165664960000002,1.3844968400000002,1.1966543440000001,4.696362576,5.015163608000001,4.4022346400000005,2.3972777520000004,3.6290940000000003,1.250426728,3.8293099280000003,1.378048784,1.320121952,2.726166328,3.2489133600000004,3.7418681520000003,3.720994952,0.207323544,5.17459756,7.21749816,4.321454904,2.7496712,7.4809294159999995,2.0477568720000003,3.2185238800000002,1.658014008,2.9303667040000003,3.26374712,3.0308857440000003,2.6666666640000005,2.9029535840000005,2.380344784,4.110221256,0.333383,2.0277156880000002,1.3244521680000003,2.089777008
4.134715024000001,3.9870466320000006,0.16972664,3.051815584,3.4228204800000004,0.431752424,2.884656088,4.96084656,0.5498536,1.3438126080000001,1.1344096479999999,4.735265512,4.890662408000001,4.370311256,2.274776688,4.014461928,1.2592050720000003,4.082906608000001,1.195121952,1.196138208,2.6345986640000003,3.2941176480000003,3.5985388800000004,3.9561662880000004,0.200955248,5.13638776,7.176210368,4.246743672,2.65848312,7.281017095999999,1.845875544,3.2141823440000006,1.6547177600000003,2.927070456,3.237932168,3.0103391520000002,2.594155336,2.8679481200000003,2.3618840800000003,3.9690511760000002,0.7368996160000001,1.9649331920000002,1.126749688,2.021044504
3.4896373040000004,3.927461136,0.143614848,2.996328032,3.6573153840000003,0.41665618400000004,2.8000000000000003,4.924867728,0.480813688,1.3049776560000002,1.0737210640000001,4.7897296240000005,4.772545888,4.31923384,2.3428328400000002,4.580178648,1.030968056,4.27993172,0.828252032,1.10873984,2.4978267200000004,3.2952767280000006,3.430161768,3.9018959840000003,0.190341408,5.0953476,7.123126072,4.199557632,2.6023673840000003,7.168785624000001,1.641823448,3.2431259040000002,1.631644008,2.927070456,3.1573263120000004,2.996641424,2.6679168640000004,2.8379434320000003,2.642052392,3.8637165760000003,1.033129688,1.9073163439999998,1.11439328,1.952312
3.260362696,3.927461136,0.143614848,2.9245206,3.7086426000000006,0.405585608,2.725925928,4.924867728,0.393280936,1.2747726960000003,0.9710173120000001,4.623225056,4.654429368000001,4.268156424,2.95703956,4.930667800000001,1.11826384,4.155571808,0.6585365840000001,1.0325203280000002,2.978846712,3.2697768800000007,3.3369281600000003,3.7968342320000006,0.17901999199999993,5.066336456000001,7.062177440000001,4.154337672,2.6023673840000003,7.11266988,1.641099856,3.499276408,1.631644008,2.923774208000001,3.115179456,3.065656896,2.596655728,2.800437568,2.7376136800000004,3.8213655520000005,0.88332588,1.8524810000000003,1.125977408,1.9214209840000003
3.0077720240000003,4.196891192,0.124031008,2.8690330480000004,3.8606114,0.391495784,2.624338624,4.842328040000001,0.46108799200000006,1.2439513040000003,0.896323672,4.486286712000001,4.523543496000001,4.223463688,3.137388344,4.699276904,1.321628872,4.019507440000001,0.49390244000000005,1.9298780480000002,2.904665312,3.276731384,3.2840494000000002,3.7196034080000007,0.17901999199999993,5.045108792000001,6.999262720000001,4.115015976,2.9320473440000003,7.084612016,1.651953688,3.6888567280000006,1.6547177600000003,2.900700456,3.07724728,3.065656896,2.4878887360000004,2.7666822960000004,2.6409664720000006,3.856115104,0.7907415680000001,1.8012218720000002,1.474273576,1.8534607600000002
3.150259064,4.318652848,0.124031008,2.7906976720000003,3.829412504,0.3763995439999999,2.493121696,4.753439152,0.569579288,1.225458472,0.829410624,4.361797312,4.450119712,4.24261772,3.64610804,4.217779672000001,1.2104364800000003,3.9385515760000005,0.3648373999999999,3.138211384,2.93306288,3.3335265120000006,3.352235168,3.7766568080000003,0.20166283199999993,5.147709184,6.963873184,4.057999512000001,3.1039018,7.028496272,1.5325615040000002,3.4308972480000004,1.658014008,2.851256696,3.0435298,3.0224563680000003,2.4591342400000005,2.7341772160000004,2.5823265920000003,4.090674632000001,0.6687527920000002,1.753141608,1.8905299759999998,1.7978569360000003
3.7176165840000004,4.295336784,0.117503056,2.715626272,3.7151842960000003,0.367341808,2.389417992,4.687830688,0.507936504,1.2069656320000002,0.7656098,4.512740712,4.676775736,4.191540304,3.47766908,3.8792003440000005,1.069982928,3.8302852960000005,0.273373984,3.003048784,3.4077079120000002,3.5931614000000005,3.5651417600000004,3.80587928,0.22006014399999999,5.168936848000001,6.9225854,3.9950847840000003,3.0548005280000003,6.968873304000001,1.473227208,3.390376264,1.6810877600000003,2.82159044,3.049588408,2.9924267360000005,2.4153774000000006,2.687919984,2.5986154480000003,4.004886656,0.578949984,1.703471912,1.836470704,1.7484313120000001
4.119170984,4.119170984,0.114239088,2.656874744,3.578814944,0.35224556800000006,2.4211640240000003,4.622222224,0.440129448,1.186007088,0.71737016,5.211437464,4.7533918559999995,4.134078216000001,2.984262016,3.8332624400000004,1.333333336,3.7902950480000004,0.168699184,2.315040648,3.487684728,3.630252104,3.595755784,3.730735784,0.20661595999999993,5.642313816,6.883263704,3.9459326640000003,2.998684784,6.867163528000001,1.45513748,3.31837916,1.6810877600000003,2.79522044,3.2,3.0725057600000003,2.3341147040000005,2.657915296,2.56115108,3.866974344,0.544777232,1.661749368,1.485857712,2.0225890560000006
3.96632124,4.152849744,0.12076703200000001,2.5850673200000003,3.498301672,0.33513649600000006,2.378835976,4.571428568000001,0.389582368,1.1662814,0.6535693440000001,5.013810544000001,4.632083000000001,4.063846768,2.66865164,3.673330496,1.1402097039999999,3.7503048000000003,0.567073168,1.956300816,3.564184296,3.520139088,3.430161768,3.63054444,0.187511056,5.597028128,6.840009832,3.900712704,2.942569048,6.807540552000001,1.6128798880000002,3.2029667120000003,1.658014008,2.7688504320000003,3.237932168,3.1067500800000003,2.284106888,2.58790436,2.4911090000000002,3.7708700960000003,0.60934784,1.620424176,1.295105704,2.102133408
3.7590673600000004,4.075129536,0.16972664,2.5295797600000003,3.4650899520000005,0.326078752,2.287830688,4.499470896,0.380952384,1.1354600080000001,0.59443688,4.752382808,4.47246608,4.012769352,2.5019140800000006,3.506592936,0.9266032640000001,3.6966593520000006,0.722560976,1.75203252,3.4610257920000005,3.415821504,3.29657332,3.5748825920000002,0.17335928,5.39111976,6.788891616,3.8535266640000003,2.942569048,6.754932048,1.5716353120000002,3.154124456,1.658014008,2.7688504320000003,3.2558445840000005,3.069871584,2.256602592,2.5453977200000004,2.441156512,3.689968776,0.64868624,1.59698008,1.21324452,2.0349454560000004
3.61398964,3.924870464,0.16972664,2.451244392,3.4318782240000005,0.31098251200000004,2.1862433840000004,4.370370368,0.52149792,1.107104328,0.54464112,4.590546584000001,4.399042296,3.961691936,2.72649936,3.3994045120000003,0.9431845920000002,3.619604976,0.656504064,1.6453252,3.647638368,3.332367432,3.236736824,3.5303531040000005,0.161330264,5.269414472000001,6.731875152,3.8142049680000003,2.942569048,6.69180184,1.49204052,3.4811866880000006,1.6283477520000003,2.7655541840000004,3.353309184,3.382285152,2.74917956,2.506641664,2.415094336,3.6096104240000004,0.649679632,1.5695624080000001,1.6117385840000003,1.922193264
3.4896373040000004,3.80569948,0.172990616,2.447980416,3.382563848,0.302931184,2.084656088,4.283597880000001,0.49930652000000003,1.096008632,0.7842832160000001,4.487842832,4.322426176,3.88188348,2.931518504,3.42492556,1.2748110240000001,3.540599856,0.664634144,1.6219512160000003,3.6673428,3.258186032,3.538702384,3.474691248,0.145763312,5.204316296000001,6.680756944,3.753256328,2.9671196880000004,6.635686104,1.542691752,3.6092619360000002,1.6283477520000003,2.7424804320000002,3.377543632,3.6425419840000006,2.9904672640000003,2.474136584,2.500882312,3.523822448,0.8042517280000001,1.5278398640000002,1.66888696,1.8241142960000003
4.196891192,3.7176165840000004,0.195838432,2.447980416,3.3443200400000004,0.30393760000000003,2.0148148160000003,4.294179896,0.480813688,1.113268608,1.075277184,4.4240420160000005,4.290502792,3.802075016,2.674606552,4.136112296,1.101194832,3.4615947360000003,0.582317072,1.547764224,3.601274992,3.2489133600000004,3.797530008,3.4287702240000004,0.136564656,5.173889968000001,6.615876136000001,3.6923076960000003,2.939061816,6.558526960000001,2.019175112,3.499276408,1.625051504,2.693036672,3.4507737920000006,3.8422127120000003,2.8379434320000003,2.4641350240000004,3.035156784,3.446721864,1.176575768,1.48651468,1.3294719600000002,1.75460952
4.134715024000001,3.6813471520000003,0.195838432,2.399020808,3.390615168,0.34922632000000003,1.9492063520000003,4.192592592,0.6398520560000001,1.155185696,1.006808016,4.386695192,4.217079008000001,3.72865124,2.470438112,4.343683536,0.9968300400000001,3.5718117520000003,0.723069104,1.552845528,4.441611128,3.181686464,3.5053052720000006,3.462167336,0.11675216799999999,5.150539536,6.568690096000001,3.633325144,2.889960544,6.488382288,1.9609261920000003,3.369753976,1.6283477520000003,2.6666666640000005,3.5477115600000007,4.16885084,2.629160808,2.4266291600000005,3.08836704,3.36744944,1.118164208,1.4579049360000003,1.165363456,1.710589824
4.09585492,3.7979274640000003,0.199102408,2.3467972240000003,3.3926280000000006,0.390489368,1.866666664,4.091005288,0.678070584,1.14409,0.871425792,4.361797312,4.169193936,3.652035112,2.410888984,3.9166312240000005,1.091441112,3.564008776,0.9192073199999999,1.5254065040000002,4.945812808,3.097073312,3.4190294000000003,3.711254128,0.104015568,5.117282856,6.509707544,3.580240848,2.854888208,6.414730384000001,1.6939218560000002,3.2764110000000004,1.605274,2.6370004160000002,3.4333882160000004,4.07138624,2.5153930320000004,2.456633848,2.9580562,3.2773177680000005,0.9631947520000002,1.419361248,1.3298580960000002,1.685104736
3.857512952,3.80569948,0.22195022400000003,2.2847817200000002,3.3493521200000007,0.413636936,1.8158730160000003,3.993650792,0.5510864560000001,1.1255971680000003,0.7811709760000001,4.299552616,4.134078216000001,3.5786113360000003,2.410888984,3.5746490880000006,1.084613512,3.4781760560000006,0.583333336,1.4573170720000002,5.488264272000001,3.0066647360000003,3.3369281600000003,3.8518003120000004,0.09340173600000001,5.072704760000001,6.458589336,3.522241336,2.742656728,6.355107408000001,1.5824891440000002,3.2134587520000006,1.5822002480000001,2.6106304080000005,3.5216331920000004,3.9586434000000006,2.424128768,2.444131896,2.962399888,3.185014256,1.181542744,1.3871752880000001,1.276571096,1.66193648
3.5544041440000003,4.588082904,0.22195022400000003,2.21950224,3.313121144,0.4257139280000001,2.0317460320000005,3.906878304,0.42040376000000007,1.113268608,0.7578292160000001,4.274654736,4.0830008,3.4988028720000006,2.3173117840000006,3.38579328,0.8827115360000001,3.4391611840000005,0.305894312,1.4156504080000003,5.878875688000001,2.913937992,3.172725688,3.6194120720000003,0.082080312,5.0316646,6.395674616000001,3.4544114,2.7110916240000003,6.320035072,1.518089728,3.178002896,1.6019777520000003,2.5628347760000003,3.573526504,4.11748436,2.3672448800000003,2.466635408,2.979774672,3.08836704,1.2727363040000002,1.352605176,1.08813592,1.729124432
3.2590673600000004,5.03108808,0.199102408,2.1672786640000004,3.29601208,0.433765256,2.067724864,3.8201058240000005,0.293419632,1.097241488,0.732931336,4.296440384,4.03511572,3.4253790880000006,2.19481072,3.2854104640000004,0.6759326960000002,3.3445501120000003,0.35619918400000006,1.4258130080000002,6.063170096,2.8293248320000006,3.0836667280000003,3.441294136,0.07005130399999993,4.986378912,6.337675104,3.40525928,2.63743972,6.263919336000001,1.524602024,3.096237336,1.575607744,2.528224144,3.45446164,4.420151464,2.317862168,2.476636976,2.902674088,3.0080086880000003,1.212735312,1.3756519120000001,1.125205136,2.0507771040000002
3.38601036,4.777202072000001,0.195838432,2.137902896,3.269845264,0.428733176,1.96190476,3.8370370400000002,0.233009712,1.1046386160000001,0.67068664,4.210853920000001,3.987230648,3.3679170000000003,2.17779668,3.2326669520000006,0.6076566720000001,3.25969276,0.39634146400000003,2.234756096,6.570849032,2.7539843520000002,3.06001044,3.35362672,0.054484344,4.9807182,6.287539936000001,3.3462767280000003,2.605874616,6.15870232,1.4790159200000002,3.0665701920000004,1.5294602400000001,2.4985578880000006,3.399143888,4.58505104,2.28785748,2.4278793600000004,2.8060268800000006,2.9309081040000002,1.12611136,1.550091888,1.599382176,2.0279949840000002
3.277202072,4.365284976,0.195838432,2.108527128,3.2305950400000003,0.4176626,1.845502648,4.0021164,0.163969792,1.105871472,0.617000584,4.11281852,4.012769352,3.272146848,2.247554232,3.205444488,0.584247744,3.196293584,0.19207316799999993,2.4725609760000005,7.714865256,2.6821211280000004,2.993216208,3.29657332,0.04316292,4.96302848,6.222659128,3.295158512,2.553266112,6.099079352,1.414616496,3.042691752,1.5228677360000002,2.452410384,3.3701679280000003,6.590714520000001,2.4966401040000004,2.397874664,2.7376136800000004,2.8516356720000005,1.0971042560000002,2.078974816,1.4175113440000002,2.07047012
3.1968911920000003,4.098445592,0.192574456,2.05956752,3.196376904,0.456912816,1.7798941760000002,3.9597883600000006,0.09492988000000001,1.0947757760000003,0.583544056,4.047461584,4.686352752,3.1731843600000005,2.152275624,3.137388344,0.46135088800000007,3.1953182160000004,0.330284552,2.113821136,7.97913648,2.6971892240000006,2.936162808,3.240911464,0.03113391199999992,4.918450384,6.1735070080000005,3.2460063920000004,2.5181937760000004,6.0184129760000005,1.392908824,3.054992768,1.605274,2.4029666240000003,3.399670728,7.040105368000001,2.59790592,2.356618224,2.721324824,2.7712773200000003,1.10028312,2.152883328,1.0835022720000003,2.2758953600000003
3.046632128,3.9481865280000004,0.22195022400000003,2.007343944,3.1581330960000003,0.478047552,1.913227512,3.856084656,0.0443828,1.0762829440000001,0.756273096,3.9852168800000003,4.8395850000000005,3.1125299280000003,2.150574224,3.110165888,0.38771031200000006,3.1163130960000003,0.625,1.8648374,7.716024344000001,2.6624166880000004,2.936162808,3.207514352,0.014859368000000001,4.8788254,6.112558368000001,3.18898992,2.493643136,5.958790008,1.6946454400000002,3.038350216,1.6283477520000003,2.366707872,3.3480408320000006,6.9210405040000005,2.58790436,2.3091108,3.3945975280000003,2.6854893440000005,1.0653156480000001,2.229573336,1.3059175600000001,2.021816776
3.2383419680000003,3.85492228,0.22195022400000003,1.958384336,3.125927792,0.4820732160000001,2.0317460320000005,3.769312168,0.013561408,1.06518724,0.829410624,3.91207936,4.676775736,3.058260176,2.182900896,3.0710336000000003,0.41111924000000005,3.0324311120000003,0.5254065040000001,1.718495936,7.490002896,2.5951898,2.899982608,3.2172551760000005,0.008491064,5.185211392,6.051609736,3.1398378000000005,2.465585272,5.906181496000001,1.8979739520000003,3.0094066560000003,1.5854964960000002,2.317264112,3.2505762240000005,6.7129404,3.3080168800000003,2.28785748,3.577032712,2.6051309920000003,1.5282372240000002,2.1556648320000003,1.45033304,2.2442320720000004
3.03108808,3.8393782400000003,0.22195022400000003,1.922480624,3.0937224800000003,0.4820732160000001,1.980952384,3.686772488,0.08506703999999993,1.082447216,0.77027816,3.873176424,4.421388664,2.988028728,2.4415142480000003,3.016588688,0.31602048,3.164106312,0.533536584,1.6117886160000001,7.18516372,2.502463056,2.87215168,3.2492607440000003,0.02052008,5.2485406,5.9886950080000005,3.0769230800000003,2.4375274000000005,5.87110916,2.001447176,2.9848046320000003,1.552533992,2.290894104,3.1662825120000004,6.853078696000001,3.330520392,2.264103768,3.420659696,2.520428936,2.0297024800000005,2.072617096,1.1893039840000001,2.058885992
2.9637305680000003,3.96891192,0.22195022400000003,1.87025704,3.061517168,0.4810668,1.930158728,3.6317460320000006,0.124518416,1.096008632,0.683135576,3.7984827840000004,4.261771744,2.911412608,2.410888984,2.9995746480000003,0.238966104,3.178736896,0.963414632,1.546747968,7.222254416,2.4271225760000004,3.268742392,3.16159332,0.048116048,5.083318592000001,5.935610712,3.027770952,2.4059622960000002,5.895659800000001,2.0477568720000003,2.962373368,1.499793984,2.264524104,3.174711888,6.82041488,2.906704176,2.225347712,3.358762048,2.4237817280000002,2.660110264,2.00307952,1.0340766479999999,1.95926248
3.98445596,3.9507772000000005,0.24479804000000002,1.798449616,3.03031828,0.4810668,1.913227512,3.5809523840000006,0.7095084,1.380798272,0.6193347600000001,3.7486870240000005,4.156424584,2.8347964880000003,2.206720544,3.4521480240000004,0.169714704,3.085101192,1.2357723600000001,1.849593496,6.765575192,2.3633729360000006,3.1838580640000003,3.0808836320000004,0.065098176,4.992747216,5.870729912000001,2.978618824,2.3814116640000003,5.509864096000001,1.904486248,2.945007232,1.473423984,2.211784096,3.310108656,6.535396776000001,3.1504922640000004,2.1865916560000005,3.234966744,2.345595224,2.6787860720000003,1.9518203920000001,0.9672748320000001,1.8685201280000001
4.217616584000001,3.862694304,0.22195022400000003,1.7690738480000001,3.0011322160000002,0.47402188800000006,1.849735448,3.568253968,0.866697488,1.5496994880000001,0.57109512,3.6973351520000004,4.086193136,2.7613727040000002,2.0740110560000002,3.5355168,0.2848085839999999,3.04608632,1.025406504,2.341463416,6.737757168000001,2.3448275840000004,3.0154809520000003,3.0280048720000003,0.143640544,4.942508400000001,5.794052592,2.9294666960000004,2.346339328,5.366067512000001,1.9312590480000003,2.925470336,1.470127728,2.159044088,3.1462627600000004,6.518538032000001,3.343022344,2.155336768,3.1394054560000004,2.267408712,2.469577312,1.8914220400000001,1.0950864,1.87353992
3.6943005200000005,3.8419689120000005,0.22195022400000003,1.7690738480000001,2.9789910720000004,0.473015472,1.792592592,3.530158728,0.716289104,1.511480968,0.530636064,3.6335343279999996,4.092577816000001,2.703910616,1.975329648,3.353466608,0.6310655920000001,3.030480368,0.6402439040000001,2.480691056,6.324543608,2.291509704,3.1281962080000003,2.96955992,0.143640544,4.895807536,5.7193413600000005,2.8724502320000003,2.2376150800000003,5.359053048,1.9732272080000002,2.8986975360000002,1.4206839680000003,2.15574784,3.140467568,6.704511032000001,3.100484448,2.124081888,3.131803992,2.180534816,2.425073264,2.205533208,1.362293656,2.045757312
3.67875648,4.0103626960000005,0.22195022400000003,1.736434112,3.0021386320000003,0.520317024,1.7333333360000003,3.460317464,0.501772232,1.4227153680000002,0.47928418400000006,3.5658432240000004,4.188347968000001,2.601755784,1.903870696,3.3687792400000003,0.45842477600000003,2.98366252,0.461382112,2.096544712,5.75949,2.232396408,3.061401984,2.9027656960000003,0.11604457600000001,4.839908016,5.65642664,2.8252641920000006,2.230600616,5.257343272,1.9551374800000003,2.8882054960000003,1.3976102160000001,2.112896584,3.069871584,6.525913728000001,2.8079387440000003,2.086576024,3.140491384,2.100176464,2.69030944,2.563353696,1.7113621040000002,2.17704412
3.860103624,4.046632128,0.22195022400000003,1.690738472,3.0031450480000004,0.575669896,1.6973544960000002,3.428571432,0.35136384800000003,1.3413468960000001,0.44349348,3.524606104,4.210694336,2.5251396640000006,1.8256061280000002,3.4929817120000006,0.262375032,2.913435744,0.680894312,1.8262195120000002,5.702694872000001,2.205737464,2.883284048,2.8484953920000002,0.104723152,4.798867856,5.605308432000001,2.7761120640000003,2.265672952,5.1731696640000004,1.770622288,2.886396528,1.3943139680000003,2.079934072,3.069871584,6.389726704000001,2.617909048,2.0565713360000006,3.042758248,2.004615176,3.6944320240000006,2.4894451920000003,1.5171348560000002,2.0774206
3.6943005200000005,3.9196891200000006,0.22195022400000003,1.66462668,2.99509372,0.58472764,1.608465608,3.390476192,0.251502544,1.292032672,0.6535693440000001,3.4623614080000005,4.15961692,2.45171588,1.769459808,3.339855384,0.16093636,2.856864176,0.62093496,1.738821136,5.680672272000001,2.253259928,2.767785704,2.7886588960000003,0.09410932,4.771271888,5.542393712,2.7407225360000003,2.321788688,5.0925032880000005,1.7054992800000002,2.85021708,1.364647712,2.027194064,3.031412576,6.2943694400000005,2.5178934240000004,2.026566648,3.1839283280000004,1.925342744,3.997019816,2.338449312,1.1893039840000001,2.164687712
3.4922279760000006,3.795336784,0.22195022400000003,1.6417788640000002,3.012202792,0.58472764,1.5534391520000002,3.329100528,0.707042688,1.242718448,0.848084032,3.397004472,4.086193136,2.391061456,1.716716288,3.1646108,0.11216776,2.810534016,0.42987804800000007,2.029471544,5.44769632,2.325123152,2.689859104,2.7316054960000002,0.08703343200000001,4.873164688,5.465716392000001,2.677807816,2.269180184,5.004822448,1.6345875520000002,2.8068017360000006,1.34157396,1.977750312,2.98505104,6.216661176,2.429129552,1.9953117679999999,3.6383874,1.8395547680000002,3.910793224,2.3452043920000003,1.059561736,2.318370496
3.61398964,3.699481864,0.22195022400000003,1.612403104,3.004151464,0.58472764,1.489947088,3.2761904800000003,1.046694408,1.20449992,0.8216300320000001,3.3254230720000004,4.012769352,2.320830008,1.6605699680000001,3.0693322,0.10534016,2.7583516240000003,0.306910568,1.8689024400000003,5.271515504,2.277600696,2.656461992,2.6703774560000006,0.183973112,4.81018928,5.396903416000001,2.6325878560000002,2.2376150800000003,4.9171416080000006,1.5607814800000002,2.764833576,1.318500208,1.9217140480000001,3.246888376,6.177675336,2.357868416,1.95530552,3.504275824,1.8124066800000003,3.7800625840000004,2.2999056240000004,1.020947968,2.164687712
3.507772024,3.6347150240000006,0.22195022400000003,1.5862913120000002,2.97999748,0.58472764,1.456084656,3.2232804240000004,1.0639543840000003,1.1662814,0.754716984,3.260066136,3.9584996000000006,2.269752592,1.6044236480000003,3.004678864,0.41745916000000005,2.7008046800000005,0.45223577600000003,1.7510162640000002,5.150970736,2.19762388,2.613324056,2.6230648800000003,0.240580224,4.982133384000001,5.337920864000001,2.5854018160000005,2.209557208,4.836475232,1.53183792,2.7641099840000005,1.288833952,1.872270296,3.2969377680000003,6.098649984,2.327863728,1.92280044,3.3576761200000003,1.77765712,3.6207222000000003,2.2196394,1.157640696,2.0025098960000003
3.61139896,3.61139896,0.270909832,1.5601795200000002,2.9789910720000004,0.58472764,1.5047619040000002,3.174603176,1.1305285840000001,1.1255971680000003,0.708033456,3.1729235520000003,3.88188348,2.212290504,1.56358996,3.002977456,0.4272128720000001,2.6461838560000004,1.1636178879999999,1.5813008160000002,5.746740072000001,2.1489423360000006,2.589667768,2.5674030240000003,0.21298425600000004,5.226251544,5.273040056,2.538215776,2.177992112,4.773345024,1.537626632,2.730101304,1.308611456,1.8228265360000002,3.242146856,6.038590712000001,2.5654008400000006,1.8865447760000003,3.436948552,1.6907832240000003,3.644961008,2.175135352,1.1082150800000001,1.9152427840000001
3.702072536,3.6321243520000004,0.35577315200000004,1.5340677280000001,2.9880488080000003,0.58472764,1.506878304,3.1089947120000003,0.9523809520000001,1.105871472,0.6426765200000001,3.1340206160000004,3.856344776,2.13886672,1.522756272,3.0114844720000002,0.321872712,2.5915630320000003,0.936991872,1.4593495920000001,5.779194440000001,2.6345986640000003,2.789354672,2.4922595200000006,0.19529453600000002,5.096055192000001,5.2120914240000005,2.491029736,2.14993424,4.752301624,1.49710564,2.6910274960000002,1.3119077040000002,1.786567776,3.39545604,5.988014488000001,2.6554149120000003,1.8552898880000002,3.445635944,1.6104248640000003,3.558734416,2.296726768,1.0325320960000002,1.8781735680000002
3.4481865280000004,3.689119168,0.378620968,1.507955936,3.011196376,0.576676312,1.460317464,3.0560846560000003,1.2550470000000002,1.0762829440000001,0.581987944,3.371328536,3.824421392,2.078212288,2.591237768,3.067630792,0.14533040799999994,2.583760056,0.576219512,1.384146344,5.468559840000001,2.781802376,3.16159332,2.424073752,0.18468070400000003,4.992039624,5.147210616000001,2.443843696,2.121876368,4.832968000000001,1.4558610720000003,2.758321272,1.2855377040000002,1.7338277680000003,3.4997695120000003,6.166084952,2.516643224,1.8252852000000002,3.32184064,1.5170354320000001,3.41131476,3.0481299360000005,1.040254848,1.964668408
4.297927464,3.735751296,0.378620968,1.4753162,2.993080888,0.576676312,1.405291008,3.0031746,1.442441056,1.046694408,0.633339816,3.485703168,3.7829209920000006,2.0079808480000003,3.299021696,3.002977456,0.043891736,2.778834432,0.39634146400000003,1.326219512,5.177629672000001,2.6809620400000003,2.9138980720000003,2.387893544,0.17901999199999993,4.933309744000001,5.082329808000001,2.4084541680000005,2.090311264,5.478298992,1.50289436,2.7308248880000003,1.259167696,1.684384016,3.3691142560000005,6.217188016000001,2.386622912,1.7952805120000002,3.2621148400000006,1.445364464,3.3254855200000004,2.8113048240000005,1.337580848,1.960034752
4.673575128,3.655440416,0.378620968,1.455732352,2.9578563360000003,0.576676312,1.4031746,2.9333333360000005,1.2155956240000003,1.0331329920000003,0.8309667360000002,3.4888154080000002,3.7509976080000005,1.918595368,3.0710336000000003,2.933219904,0.018532064,2.692026336,0.49390244000000005,1.2388211360000003,5.019994208,2.523326576,2.6592450880000005,2.379544272,0.17406686400000002,4.884486112000001,5.005652496,2.363234208,2.044717232,6.102586584000001,1.9327062240000001,2.7590448640000003,1.2327976960000002,1.631644008,3.285347384,6.207704976,2.285357088,1.764025632,3.908239448,1.3758653440000002,3.3064123600000004,2.543088464,1.2201950000000001,1.871995368
4.051813472,3.5673575120000005,0.378620968,1.423092616,2.954837088,0.576676312,1.4201058240000002,2.884656088,1.3721682880000001,1.035598704,0.806068856,3.524606104,3.699920192,1.86113328,2.946831136,2.8864313040000003,0.449646424,2.642282368,1.00203252,1.2205284560000003,4.891335848000001,2.6056215600000003,2.524265088,2.319707776,0.16769856800000002,4.834247304000001,4.940771688,2.316048168,2.006137656,6.134151688,1.8570911760000002,2.8773516640000003,1.206427688,1.6019777520000003,3.2384590080000004,6.010141584,2.264103768,1.6515080480000002,3.915840912,1.306366224,3.4272090560000006,2.3984503040000003,1.085819096,1.803262864
3.689119168,3.5259067360000005,0.378620968,1.403508768,2.954837088,0.576676312,1.382010584,2.8634920640000003,1.304361224,1.123131456,0.7204824,3.526162224,3.652035112,1.8260175600000002,2.75457252,2.81071884,0.49743964800000007,2.623750304,0.6666666640000001,1.2286585360000002,4.693132424,3.03448276,2.4560793200000006,2.230648808,0.15637714400000002,4.782593312,4.877856968,2.26689604,1.9289785200000003,5.906181496000001,1.6758321280000001,3.1772793040000002,1.183353936,1.549237744,3.195785312,5.944813960000001,2.237849664,1.6115018,3.689968776,1.2368671120000003,3.303630856,2.296726768,1.08813592,1.768510472
3.8238342000000003,3.4818652880000003,0.378620968,1.377396984,2.9387344320000004,0.568624984,1.31851852,2.829629632,1.02696872,1.214362768,0.732931336,3.6117486880000005,3.607342376,1.77813248,2.594640576,2.740961296,0.30138990400000004,2.5515727840000006,0.656504064,1.180386176,4.805563608,3.201390904,2.4004174640000002,2.165246128,0.150716432,4.752874576,4.82870484,2.223642176,1.8939061840000002,5.811486192,1.6020260480000001,3.6678726480000003,1.180057688,1.5822002480000001,3.1415212400000003,5.996970695999999,2.4278793600000004,1.5739959360000002,3.573774944,1.174969456,3.766155072,2.216063176,1.014769768,1.8395598
3.7305699520000006,3.445595856,0.35577315200000004,1.35454916,2.907535536,0.568624984,1.267724864,2.7682539680000002,0.777931888,1.840653416,0.983466248,3.586850808,3.572226656,1.730247408,2.4840493440000007,2.688217776,0.15996098400000003,2.4891489920000005,0.536585368,1.10873984,4.626485080000001,3.258186032,2.362845712,2.119325104,0.15566955199999993,4.70334336,4.7815188,2.18825264,1.8693555440000003,5.730819816,1.945007232,3.66063676,1.15368768,1.9447878,3.098847544,5.91056964,3.109235816,1.5552430080000001,3.478213656,1.104384416,3.5559529120000004,2.5971290880000004,1.152234768,1.8851240480000002
3.46632124,3.696891192,0.359037128,1.3251734000000002,2.898477792,0.561580072,1.1978836,2.7153439120000002,0.6201263680000001,2.2142086640000005,0.9710173120000001,3.6101925680000004,3.549880288,1.682362328,2.412590384,2.8005104240000005,0.07998049600000001,2.357473784,0.98373984,1.0650406479999999,4.24688496,3.3613445360000003,2.32109932,2.065054792,0.15637714400000002,4.646736248,4.71860408,2.1449987680000002,1.83779044,6.267426568000001,1.916063672,3.6903039040000003,1.100947672,2.162340336,3.065130064,5.815212384,3.3917799680000003,1.5339896880000001,3.409800464,1.233609336,3.1528336560000003,2.977002928,0.9854233040000001,1.809441064
3.445595856,3.7979274640000003,0.4079967360000001,1.299061608,2.890426472,0.561580072,1.164021168,2.6645502640000003,0.560949296,2.077361688,0.880762496,3.561952928,3.696727856,1.6504389440000002,2.356444064,2.8328370880000002,0.01658132,2.583760056,1.033536584,1.01829268,3.908432336,3.5734569680000003,2.311358496,2.0191337600000003,0.19600212,4.6102954160000005,4.639960680000001,2.1115753280000003,1.785181936,6.555019728000001,1.845875544,3.62083936,1.12731768,2.238154096,3.1710240400000003,5.780968064,3.4230348480000004,1.4814814800000002,3.420659696,1.3150536160000001,2.897332736,2.82123876,0.871898832,1.7661936480000002
3.3031088080000006,3.6735751280000004,0.41126071200000003,1.276213792,2.884387976,0.55453516,1.178835976,2.613756616,0.85683464,1.9189397440000002,0.820073912,3.4981521119999996,3.72865124,1.592976856,2.3054019600000006,2.7392598880000003,0.040965616,2.6539868320000006,0.63313008,0.9908536560000001,3.6325702720000006,3.648797448,2.6884675600000003,2.08871108,0.200247656,4.566071112,4.57704596,2.07815188,1.7536168320000003,6.351600176,2.1056439920000005,3.654848048,1.100947672,2.3106716080000003,3.090418176,5.818373392,3.1292389440000004,1.4414752320000002,4.260078728,1.243382656,2.759648336,3.040977496,0.7985326800000001,1.7121343760000003
3.1554404160000002,3.551813472,0.434108528,1.2468380240000003,2.857214744,0.551515912,1.183068784,2.56084656,0.888888888,1.777777776,0.8091810960000001,3.4623614080000005,3.6743814880000003,1.5770151600000002,2.247554232,2.6456826880000004,0.449646424,2.567178736,0.589430896,0.926829272,3.399014776,3.6789336400000003,2.826230648,2.09706036,0.17901999199999993,4.50451088,4.51413124,2.032931928,1.7045155600000002,6.155195088,2.072358904,3.40520984,1.067985168,2.452410384,2.935001648,5.814685544,2.7991873760000003,1.493983432,4.101533864,1.1499932160000002,3.046739184,2.7912382640000004,0.710493288,1.666570136
3.010362696,3.593264248,0.434108528,1.223990208,2.827022264,0.536419672,1.134391536,2.493121696,0.7594390480000001,1.658190784,0.771834272,3.4110095280000006,3.59776536,1.54828412,2.184602296,2.5623139120000005,0.596927576,2.4881736160000005,0.846544712,0.896341464,3.2025499840000005,4.105476672000001,2.6230648800000003,1.9843451040000002,0.17335928,4.452149304000001,4.451216512000001,1.9995084800000003,1.6694432240000001,6.067514248000001,1.9674384960000002,3.37120116,1.0482076640000002,2.4754841360000004,2.8375370400000004,5.773592360000001,2.88795124,1.612126896,3.925614224,1.08809556,2.884617296,2.610241888,0.6062361200000002,1.6997779680000003
2.90414508,3.590673576,0.434108528,1.1946144400000003,2.8028682880000004,0.5283683520000001,1.08148148,2.4444444480000005,0.627523504,1.5620280480000002,0.756273096,3.337872008,3.5754189920000004,1.50039904,2.152275624,2.4976605680000006,0.676908072,2.442331136,0.601626016,1.105691056,3.0425963520000003,4.369747896,2.524265088,1.888328408,0.16769856800000002,4.38492836,4.400098304,1.9680511200000002,1.6238491920000002,6.046470848,1.8277858160000002,3.266280752,1.021837656,2.4754841360000004,2.795917024,5.711162328,2.8591967520000003,1.622753552,3.794217456,1.026197912,2.578055928,2.4942134800000004,0.592335168,1.817163816
2.818652848,3.4870466320000006,0.4079967360000001,1.16523868,2.775695056,0.52132344,1.047619048,2.391534392,0.5782092800000002,1.4954538480000001,0.680023344,3.2647344880000007,3.626496408,1.4493216320000002,2.08251808,2.4415142480000003,0.7393318720000001,2.397464032,0.617886176,1.099593496,2.9498696,4.323384528,2.410158288,1.8298834560000001,0.162037856,4.320537768,4.341115752,1.9326615840000003,1.588776856,6.071021479999999,1.67655572,3.283646888,0.975690152,2.4491141360000004,2.8109318400000003,5.933223576,2.6954211600000004,1.5714955440000002,3.688882856,0.9751594960000001,2.65156708,2.3825560000000006,0.7680278,1.95926248
2.8238342000000003,3.6321243520000004,0.434108528,1.1358629120000001,2.743489744,0.513272112,1.233862432,2.355555552,0.5683464320000001,1.4633996,0.61777864,3.211826496,3.629688744,1.446129288,2.0144619280000002,2.412590384,1.162643256,2.380882712,0.8689024399999999,0.98577236,2.9417560160000003,4.180817152,2.364237256,1.764480776,0.151424024,4.258269944,4.280167120000001,1.8756451200000002,1.5852696160000002,5.969311704,1.6020260480000001,3.399059336,0.969097648,2.422744128,2.9355284800000003,5.903720776,2.5191436160000005,1.5102359760000001,3.60309488,0.91217592,2.472756168,2.747727608,1.125977408,1.9654406800000002
2.981865288,3.880829016,0.41452468,1.10975112,2.7143036880000007,0.510252864,1.371428568,2.306878304,0.5301279120000001,1.432578208,0.555533944,3.14646956,3.5786113360000003,1.42378292,1.977031048,2.373458104,1.297244576,2.363326016,0.652947152,0.9126016240000001,2.846711096,4.114749352,2.319707776,1.693511912,0.14010259999999994,4.189633824,4.227082824,1.8422216800000002,1.5537045120000001,5.846558528,1.564399424,3.708393632,0.942727648,2.44581788,2.8638788240000004,5.7461969040000005,2.4153774000000006,1.472730112,3.5162209840000003,0.8589656560000001,2.3217602960000003,3.281378832,0.9441065760000001,2.009460376
2.883419688,3.7823834160000005,0.4079967360000001,1.083639328,2.6881368720000003,0.498175872,1.32063492,2.2857142880000003,0.510402216,1.3844968400000002,0.51974324,3.074888152,3.5179569040000005,1.395051872,1.920884728,2.315610376,1.170446232,2.3730797360000007,1.296747968,0.851626016,2.7736887840000004,4.049840624,2.254305096,1.6489824320000002,0.12807359199999999,4.128073592,4.179896784,1.8107643120000003,1.4975887760000002,5.76238492,1.6013024640000002,3.6787264800000004,0.919653896,2.452410384,2.795917024,5.657688512,2.346616656,1.440225032,3.4532374080000006,0.8003257760000001,2.2613619440000003,2.9444196080000005,0.735206104,1.8843517680000001
2.717616584,3.5958549200000003,0.4079967360000001,1.057527536,2.6629764720000004,0.49113096,1.2857142880000003,2.253968256,0.55971644,1.3536754480000002,0.46994748000000003,3.014199576,3.447725456,1.3216280960000002,1.8494257760000001,2.2611654640000003,1.7995610800000001,2.2628627200000007,1.4075203280000002,0.804878048,2.679802952,3.9756592320000004,2.21116716,1.605844496,0.11604457600000001,4.066513352,4.1346768240000005,1.777340872,1.444980272,6.167470408,1.543415344,3.6439942080000005,0.8965801440000001,2.422744128,2.7790582800000005,5.598156072000001,2.305360216,1.4070948560000003,3.3826523680000005,0.74820144,2.740575176,2.699249984,0.6286321040000001,1.804035136
2.4896373040000004,3.4922279760000006,0.4079967360000001,1.03467972,2.6398289120000005,0.48307963200000004,1.2021164000000002,2.207407408,0.560949296,1.332716904,0.457498544,2.986189456,3.3934557040000004,1.296089384,1.8341131440000003,2.1931093120000003,2.099975616,2.4120946080000003,1.605691056,0.748983736,2.53028108,3.901477832,2.1861193279999998,1.55018264,0.103307976,4.009198656,4.085524696,1.7439174240000002,1.42042964,6.463831656,1.4840810400000002,3.4942112880000007,0.8438401280000001,2.373300368,2.824366152,5.53915048,2.8735739920000003,1.560243792,3.3055517840000004,0.6863037840000001,2.52659812,2.5649431280000003,0.57997876,1.804035136
2.5751295360000004,3.424870464,0.4079967360000001,1.03467972,2.608630016,0.47402188800000006,1.180952384,2.171428568,0.519032208,1.304361224,0.44660572,3.026648512,3.3423782960000006,1.27055068,1.7728626080000003,2.128455976,2.129236768,2.3730797360000007,1.164634144,0.723577232,2.4676905280000003,3.8365691120000003,2.15411376,1.4917376960000002,0.09340173600000001,3.9405625360000003,4.040304744,1.7045957200000001,1.385357296,6.248136784,1.45513748,3.399421128,0.810877624,2.3436341200000004,2.996641424,5.480144880000001,3.0967338640000004,1.752773872,3.2371385920000004,0.641780912,2.235931056,2.4981870560000004,0.7545129840000001,1.785500528
2.7836787600000004,3.347150256,0.4079967360000001,1.031415752,2.5824632000000003,0.464964144,1.147089944,2.131216928,0.47095084,1.2821698240000001,0.834078976,2.9986384000000004,3.2944932160000002,1.2418196320000001,1.704806464,2.08251808,2.216044864,2.371128992,0.821138208,0.6585365840000001,2.4850767920000005,3.778614896,2.119325104,1.449991304,0.08632584799999993,3.9334866480000006,3.993118704,1.6790366160000003,1.336256032,6.106093816,1.945369032,3.3589001440000006,0.781211376,2.313967864,2.963450776,5.44115904,2.830442256,1.692764496,3.1752409360000002,0.59725804,2.1016242,2.4886504720000002,1.027126168,1.7051838960000003
3.24093264,3.3212435200000003,0.43737250400000005,0.985720112,2.543212984,0.46295131200000006,1.098412696,2.105820104,0.46108799200000006,1.253814144,1.135965768,3.0733320400000004,3.2178770960000005,1.19393456,1.635048912,2.031475968,1.98000488,2.325286512,0.64126016,0.599593496,2.416690816,3.68820632,2.0775787120000007,1.391546352,0.07712719200000001,3.8818326560000003,3.957729168,1.6495453440000003,1.301183688,6.099079352,1.9674384960000002,3.7532561520000005,0.7548413680000001,2.2678203520000006,2.908659864,5.390055976,2.596655728,1.6127519920000002,3.103569976,0.555992944,2.2454676400000007,2.536730744,0.922869,1.6650255840000001
3.6347150240000006,3.3393782400000003,0.46022032,0.9596083200000001,2.5120140880000004,0.449867904,1.047619048,2.184126984,0.6497149040000001,1.2328556000000002,1.083057768,3.0499902720000005,3.1667996800000004,1.168395848,1.5601871520000001,1.987239472,1.7127529840000002,2.284320896,0.86077236,0.549796744,2.5882352960000006,3.611706752,2.0747956160000003,1.335884504,0.070758888,3.799044752,3.9144753040000007,1.620054064,1.2257781680000002,6.130644455999999,1.740955136,3.6432706240000003,0.72847136,2.264524104,2.9255186,5.387158376000001,2.4397562080000004,1.5639943760000001,3.035156784,0.510384144,2.1103660640000004,2.512491928,0.68578048,1.6318177440000001
3.4870466320000006,3.510362696,0.46022032,0.953080376,2.4848408640000006,0.44181658400000007,0.9989418000000001,2.167195768,0.690399136,1.20449992,1.4331842080000001,2.97374052,3.169992016,1.139664808,1.6741812,1.9191833280000001,1.7810290160000002,2.246281392,1.36686992,0.49186992,2.4943494640000003,3.5375253520000003,2.0441816,1.291355016,0.059437463999999995,3.7339465760000006,3.8515605760000002,1.5885967040000002,1.1959666800000002,6.0184129760000005,1.6244573119999999,3.439942112,0.7053976080000001,2.264524104,3.01929536,5.444846888000001,2.376621344,1.52398812,2.9678295120000002,0.553821096,1.9422838160000002,2.463616944,0.574572832,1.62950092
3.173575128,3.777202072,0.46022032,0.93023256,2.4526355520000003,0.439803752,0.9629629600000001,2.137566136,0.835876096,1.18230852,1.6214744240000003,2.900602992,3.134876296,1.094972064,2.067205448,1.8375159520000002,1.7127529840000002,2.21409412,1.0325203280000002,0.428861792,2.325123152,3.4552303680000005,1.998260568,1.2551748160000002,0.048823632000000006,3.6730939360000003,3.8142049680000003,1.557139344,1.164401576,5.902674264,1.5665701920000001,3.372286544,0.6757313520000001,2.238154096,3.035100432,5.343167600000001,2.7266760400000005,1.49273324,2.8961585440000004,0.580969184,1.8401629200000003,2.4894451920000003,0.67883,1.62950092
2.945595856,3.696891192,0.45695634400000007,0.904120768,2.421436656,0.43074600800000007,0.9121693120000001,2.11640212,0.8469718,1.146555712,1.4736432640000001,2.835246064,3.086991224,1.0853950480000003,1.999149296,1.7830710320000003,1.4854913440000002,2.182882224,0.74796748,0.38109756,2.161692264,3.5386844400000004,1.95373108,1.202296048,0.042455336,3.660357336,3.768985008,1.527648072,1.1363437120000002,5.818500656000001,1.518813312,3.3125904480000004,0.6526576,2.165636592,2.934474808,5.258873888,2.756680728,1.472730112,2.823401656,0.520157456,1.7634729040000001,2.4791138960000003,0.7660971120000001,1.604788104
2.8160621760000004,3.528497408,0.434108528,0.8780089759999999,2.389231352,0.421688264,0.871957672,2.069841272,0.7372476480000001,1.1354600080000001,1.2853530480000002,2.7745574800000004,3.2466081440000005,1.0407023120000003,1.8222033200000003,1.715014888,1.4230675440000002,2.142891976,0.576219512,0.330284552,2.1361924080000003,3.612865832,1.939815624,1.145242648,0.036794624,3.6030426320000006,3.723765056,1.482428112,1.1363437120000002,5.765892152,1.4782923280000002,3.2952243120000007,0.6262876,2.1326740800000006,2.972406984,5.205136648,2.779184248,1.4714799200000002,2.753902536,0.459345728,1.7980430160000003,2.378383752,0.636354864,1.5437783600000001
2.673575128,3.4067357520000003,0.434108528,0.8780089759999999,2.3479682960000003,0.413636936,0.806349208,2.035978832,0.6299892160000001,1.11573432,1.1842054080000002,3.087337096,3.3966480480000003,1.0087789280000001,1.716716288,1.6469587440000002,1.363082176,2.1048524720000006,0.462398376,0.304878048,2.086351784,3.5212981760000006,1.90502696,1.1007131680000002,0.031841504,3.542189984,3.680511184,1.4608011760000001,1.08724244,5.734327048000001,1.46599132,3.306801736,0.6196950960000001,2.089822824,2.95976292,5.170892328000001,2.7966869840000004,1.4414752320000002,2.7104655920000003,0.44088502400000007,2.1016242,2.315799928,0.654889472,2.7751713520000005
2.8212435200000003,3.318652848,0.434108528,0.858425136,2.31375016,0.39954711200000004,0.7555555520000001,2.016931216,0.5498536,1.0947757760000003,1.083057768,3.347208712,3.3679170000000003,0.9800478880000001,1.631646112,1.5789025920000002,1.321628872,2.066812976,0.38922764000000004,0.273373984,2.138510576,3.5560707040000006,1.8632805680000002,1.0687076,0.031841504,3.489120824,3.6431555680000005,1.4313099040000001,1.052170104,5.758877688,1.683068016,3.2308248880000003,0.570251336,2.0568603199999997,2.9639776080000004,5.28890352,2.6110329760000006,1.412720736,2.624677616,0.414822856,1.9412904160000002,2.242686136,0.6657013200000002,3.4497538400000005
3.4067357520000003,3.2746114,0.434108528,0.8518971840000001,2.282551264,0.391495784,0.706878304,1.995767192,0.46848512800000003,1.073817232,0.983466248,3.2756273120000006,3.2434157999999997,0.9608938560000001,1.5482773280000002,1.4989366240000002,1.831748352,2.035601072,0.329268296,0.215447152,2.514053896,3.5583888720000005,1.8284919120000003,1.2468255360000002,0.048116048,3.4289757680000004,3.629392968,1.399852544,1.003068832,5.681718544000001,1.595513752,3.154848048,0.547177584,2.027194064,3.015080672,5.411129408000001,2.4541334560000005,1.3814658560000002,2.5454051840000003,0.660241616,1.660954648,2.5536184400000006,1.00936384,3.306882904
3.279792744,3.2383419680000003,0.434108528,0.8257853920000001,2.2755063520000003,0.38344445599999993,0.670899472,1.9640211680000002,0.47834797600000006,1.046694408,0.9539000160000001,3.149581792,3.1604150000000004,0.9608938560000001,1.4683113600000002,1.442790304,1.5869300160000002,2.0121921520000003,0.28252032799999993,0.165650408,2.589394376,3.443059984,1.7853539760000001,1.267698728,0.04316292,3.366000352,3.645121648,1.3683951840000002,0.99605436,5.618588336000001,1.5991316960000002,3.12083936,0.517511328,1.9744540560000001,2.909713536,5.394797496000001,2.39537428,1.36271292,2.4748201440000006,0.9393240160000002,1.696319472,2.619579792,1.18698716,3.1713485840000004
3.4585492240000004,3.20984456,0.427580576,0.7996736000000001,2.267455024,0.374386712,0.624338624,1.930158728,0.480813688,1.025735864,0.933670496,3.0966738,3.086991224,0.9608938560000001,1.454700128,1.3849425760000003,1.36844672,1.9819556240000002,0.23475609600000003,0.11890244000000001,2.512894816,3.3451173600000006,1.739432944,1.1688989360000002,0.037502208,3.313638776,3.6431555680000005,1.348734336,1.052170104,5.558965368,1.629522432,3.0861070880000003,0.491141328,1.9480840560000001,2.8754692160000004,5.711425752,3.040475072,1.478981088,2.387946248,0.8698248960000001,1.6319475520000002,2.4377887040000004,0.904334392,2.797567336
3.5751295360000004,3.1554404160000002,0.4079967360000001,0.796409632,2.250345952,0.367341808,0.588359792,1.8984126960000003,0.489443672,1.055324392,1.16241976,3.0375413360000003,3.0199521120000004,0.928970472,1.4785197760000002,1.3168864320000002,1.196781272,1.942940744,0.378556912,0.068089432,2.4271225760000004,3.2477542720000003,1.6921203680000003,1.1361976,0.026180792000000005,3.2520785440000006,3.6923076960000003,1.319243056,1.024112232,5.537921968,1.845875544,3.171852384,0.46477132000000004,1.951380304,2.922357592,5.911623312,3.1142366,1.4114705440000002,2.301072352,0.805755392,1.676848952,2.3177867200000004,0.8224732080000001,2.6164687680000003
3.3393782400000003,3.1139896400000002,0.4079967360000001,0.7735618080000001,2.2261919760000004,0.353251984,0.550264552,1.8793650800000004,0.73786408,1.351209736,1.349153864,3.0717759200000003,2.9816440560000004,0.884277736,1.400255208,1.26414292,1.069982928,1.9331870240000002,0.7672764240000001,0.018292680000000002,2.3853955360000003,3.11098232,1.6475908880000003,1.1466342,0.03113391199999992,3.2046700880000003,3.8004423680000006,1.2897517840000001,0.967996496,5.453748352,2.0600578880000002,3.457308248,0.44169756800000004,1.9810465600000002,2.8759960480000006,5.738294368,2.830442256,1.3989685920000001,2.220713992,0.754716984,1.5818804960000001,2.235533704,0.7305724480000001,2.5060334
3.0492228000000003,3.365284976,0.4079967360000001,0.7507139920000001,2.19499308,0.341174992,0.503703704,1.8433862400000003,1.946678992,1.414085376,1.458082088,3.0375413360000003,2.9305666400000003,0.881085392,1.3049766080000003,1.209698,0.974396488,2.158497928,0.9288617920000001,0.9517276400000001,2.3286004080000002,3.01361924,1.605844496,1.08123152,0.15637714400000002,3.153723688,3.790611944,1.272057016,0.9153879840000001,5.450241120000001,2.12916064,3.3646888560000003,0.41532756800000004,1.9744540560000001,2.819624632,5.398485344000001,2.5779028000000004,1.395218,2.143613408,0.70259264,1.4610837920000002,2.210897528,0.799304952,2.412588088
3.235751296,3.463730568,0.38188494400000006,0.744186048,2.154736448,0.327085168,0.467724864,1.8095238080000002,2.0379103120000006,1.581753736,1.372495624,2.975296632,2.866719872,0.858739024,1.235219056,1.1297320320000002,0.8739331840000001,2.21409412,0.625,2.175813008,2.354100264,2.940596928,1.593320576,1.043659768,0.20166283199999993,3.0914558640000003,3.7434259040000004,1.2425657440000002,0.8803156480000001,5.422183256,1.8625180880000003,3.253979736,0.3889575599999999,1.925010304,2.9091866960000003,5.293118208,2.4253789680000004,1.3714642880000003,2.065426904,0.6515542320000001,1.442407984,2.22599712,0.9645718720000002,2.4743701120000003
3.235751296,3.3445595840000006,0.378620968,0.721338232,2.12152472,0.31903384,0.41904761600000007,1.777777776,1.721066424,2.7098166160000003,1.321143744,2.9986384000000004,2.8156424560000004,0.8332003200000001,1.15525308,1.0582730720000002,0.8729578160000001,2.199463544,0.398373984,2.553861792,2.596348888,2.8664155280000005,1.5807966640000002,0.9886936880000001,0.18468070400000003,3.0681054320000003,3.7060702880000003,1.2229048880000002,0.8277071440000001,5.359053048,1.7988422560000001,3.1903039040000003,0.35929130400000003,1.8953440480000001,2.8923279520000005,5.263088576000001,2.39537428,1.370214096,1.9611782240000002,0.6081172800000001,1.339889736,2.136392984,0.948354088,2.4751423920000004
2.9896373040000004,3.528497408,0.378620968,0.698490416,2.089319408,0.309976096,0.36402116800000006,1.7608465600000003,1.746956384,2.71228232,1.3055825680000002,2.97062828,2.7613727040000002,0.8236233040000001,1.085495536,0.988515528,1.2567666400000002,2.192635944,1.0,3.763719512,2.60678064,2.776006952,1.6030614,0.9351191520000001,0.16769856800000002,3.0306032160000003,3.676579016,1.1953797040000003,0.79614204,5.302937312000001,1.972503616,3.1432706240000003,0.3362175519999999,1.8953440480000001,2.812775768,5.657425088,2.396624472,1.360212536,1.8797339520000003,0.5798832640000001,1.2667759360000002,2.159638408,0.8085722560000002,2.4450236480000003
3.0492228000000003,3.5492228,0.378620968,0.691962464,2.057114104,0.301924768,0.330158728,1.7460317440000002,1.591616584,2.283865,1.268235752,2.9223886400000003,2.7294493200000005,0.7821229040000001,1.0446618480000003,0.9221607840000001,1.345037792,2.199463544,0.9756097600000001,4.180386176,2.491451752,2.7064618960000004,1.5599234640000001,0.886415032,0.166283392,2.97328852,3.6431555680000005,1.175718848,0.743533536,5.232792632000001,1.811143272,3.1136034720000003,0.309847552,1.8689740400000003,2.8457030000000003,5.611326968,2.345366464,1.4214721040000002,1.77765712,0.5722818,1.218695672,2.10798192,0.7278694880000001,2.401776232
3.3445595840000006,3.380829016,0.378620968,0.669114648,2.0259152080000002,0.29387344,0.28359788,1.729100528,1.2636769920000002,1.946678992,1.349153864,2.8368021760000004,2.7007182800000002,0.7597765360000001,1.002126752,0.840493408,1.148988048,2.38185808,0.543699184,5.991361792,2.421327152,2.6345986640000003,1.49312924,0.8349278160000001,0.15637714400000002,2.920219352,3.613664288,1.146227576,0.711968432,5.197720296,1.682344432,3.0788712,0.283477544,1.8426040400000003,3.1025354000000003,5.415344088000001,2.285357088,1.553992808,1.688611376,0.598343968,1.3263795760000001,2.0285104080000003,0.69273096,2.399459408
3.1917098480000003,3.2202072560000006,0.35577315200000004,0.6462668320000001,1.9937099040000001,0.285822112,0.247619048,1.707936504,1.5410695040000002,1.780243488,1.2869091600000002,2.75977436,2.656025536,0.7246608160000001,0.991918336,0.7741386640000001,1.2036088720000002,2.371128992,0.25813007999999993,6.077235776000001,2.3471457520000003,2.5604172720000005,1.424943472,0.797356064,0.150716432,2.882009552,3.582206928,1.1187023840000003,0.683910568,5.138097328000001,1.7532561520000003,3.049204056,0.257107544,1.839307784,3.3238063840000005,5.29417188,2.235349272,1.5039850000000001,1.586534544,0.546219632,1.2985645440000002,1.9585754720000002,0.7552852560000001,2.3577565440000003
2.9015544080000004,3.134715024,0.3525091759999999,0.6201550400000001,1.9524468480000001,0.27173229599999993,0.217989416,1.657142856,1.797503464,1.6803821840000002,1.1966543440000001,2.687414896,2.6528332,0.676775736,0.951084648,0.7452148000000001,0.9417215280000001,2.230675448,0.093495936,7.898373984,2.271805272,2.4769632,1.37067316,0.77509132,0.18326551999999993,3.240049528,3.554681736,1.085278936,0.6348092960000001,5.064445416,1.746743848,3.014471784,0.257107544,1.7931602800000002,3.517418504,5.221468552000001,2.1865916560000005,1.4814814800000002,1.4974888000000002,0.6738156640000001,1.8234738960000003,1.9065216320000002,0.841007816,2.319142776
2.7150259040000004,3.072538864,0.3525091759999999,0.613627088,1.920241536,0.262674552,0.19470899200000003,1.623280424,1.650177224,1.590383728,1.111067888,2.6983077200000003,2.64644852,0.651237032,0.9068481520000001,0.757124624,0.787125088,2.4501341120000006,0.10467480000000001,7.746951215999999,2.288032456,2.4004636320000006,1.32614368,0.7333449280000001,0.1783124,3.5634176560000004,3.536986976,1.1187023840000003,0.582200792,5.004822448,1.9692474640000002,2.99204052,0.257107544,1.760197776,3.626736912,5.153506752,2.1478356,1.402719176,1.410614904,1.3400298640000001,1.7575125440000001,2.047583568,0.8031663280000001,2.28825176
2.6554404160000002,3.025906736,0.3525091759999999,0.590779272,1.8880362320000001,0.2546232239999999,0.15661375999999994,1.6063492080000001,1.3438126080000001,1.5496994880000001,1.045710952,2.688971016,2.6241021520000003,0.632083,0.94938324,0.723096552,0.965618144,2.5915630320000003,0.559959352,6.861280488,2.875688208,2.325123152,1.2816141920000002,0.70133936,0.15779232,3.5591721200000004,3.505529616,1.071516344,0.540113984,4.948706704,2.287264832,2.9869754000000004,0.23073753600000002,1.710754016,3.5814290400000006,5.139809024000001,2.1265822800000005,1.3714642880000003,1.323741008,1.2716166720000002,1.568767696,2.161625192,0.827879136,2.2565884720000002
